{
  "Changes": [
    {
      "LogName": "替换山顶 万象阵",
      "Action": "EditMap",
      "Target": "Maps/Mountain",
      "FromFile": "assets/Map/Wanxiang.tmx",
      "ToArea": {
        "X": 58,
        "Y": 31,
        "Width": 9,
        "Height": 4
      },
      "Update": "OnLocationChange"
    },
    {
      "LogName": "万象阵-传送点",
      "Action": "EditMap",
      "Target": "Maps/Mountain",
      "AddWarps": [
        "64 32 Custom_TwosmallballsDongtian 11 6",
        "64 33 Custom_TwosmallballsDongtian 12 6"
      ],
      "MapProperties": {
        "NPCWarp": "64 32 Custom_TwosmallballsDongtian 11 6"
      }
    },
    {
      "LogName": "洞天-传送点",
      "Action": "EditMap",
      "Target": "Maps/Custom_TwosmallballsDongtian",
      "AddWarps": [
        "0 0 Mountain 58 33"
      ],
      "MapProperties": {
        "NPCWarp": "11 5 Mountain 58 33"
      }
    },
    {
      "LongName": "洞天 交互点",
      "Action": "EditData",
      "Target": "Strings/StringsFromMaps",
      "Entries": {
        "Dongtian.1": "{{i18n:Dongtian.1}}",
        "Dongtian.2": "{{i18n:Dongtian.2}}",
        "Dongtian.3": "{{i18n:Dongtian.3}}",
        "Dongtian.4": "{{i18n:Dongtian.4}}",
        "Dongtian.5": "{{i18n:Dongtian.5}}",
        "Dongtian.6": "{{i18n:Dongtian.6}}",
        "Dongtian.7": "{{i18n:Dongtian.7}}",
        "Dongtian.8": "{{i18n:Dongtian.8}}",
        "Dongtian.9": "{{i18n:Dongtian.9}}",
        "Dongtian.10": "{{i18n:Dongtian.10}}",
        "Dongtian.11": "{{i18n:Dongtian.11}}",
        "Dongtian.12": "{{i18n:Dongtian.12}}",
        "Dongtian.13": "{{i18n:Dongtian.13}}",
        "Dongtian.14": "{{i18n:Dongtian.14}}",
        "Dongtian.15": "{{i18n:Dongtian.15}}",
        "Dongtian.16": "{{i18n:Dongtian.16}}",
        "Dongtian.17": "{{i18n:Dongtian.17}}",
        "Dongtian.18": "{{i18n:Dongtian.18}}",
        "Dongtian.19": "{{i18n:Dongtian.19}}",
        "Dongtian.20": "{{i18n:Dongtian.20}}",
        "Dongtian.21": "{{i18n:Dongtian.21}}",
        "Dongtian.22": "{{i18n:Dongtian.22}}",
        "Dongtian.23": "{{i18n:Dongtian.23}}"
      }
    },
    {
      "LogName": "红鼓凳",
      "Action": "EditData",
      "Target": "Data/ChairTiles",
      "Entries": {
        "m/17/6": "1/1/down/default/1/1/false"
      }
    },
    {
      "LogName": "饭桌",
      "Action": "EditData",
      "Target": "Data/ChairTiles",
      "Entries": {
        "m/19/8": "1/1/left/default/1/1/false"
      }
    }
  ]
}