{
    "Changes": [
        {
            "LogName": "单数生日",
            "Action": "EditData",
            "Target": "Data/Events/Custom_TwosmallballsDongtian",
            "Entries": {
                "27585004/e 27585001/t 1200 2400": "continue/9 11/farmer 7 8 2 TangYuan 6 12 0 YuanXiao 6 11 2/skippable
                /addObject 5 11 221
                /pause 500/emote TangYuan 16
                /pause 500/move farmer 0 2 2 true
                /pause 500/move TangYuan 1 0 0 true
                /faceDirection YuanXiao 1
                /pause 500/speak TangYuan \"{{i18n:27585004.1}}\"
                /pause 500/speak YuanXiao \"{{i18n:27585004.2}}\"
                /pause 500/message \"{{i18n:27585004.3}}\"
                /pause 500/speak YuanXiao \"{{i18n:27585004.4}}\"
                /pause 500/speak TangYuan \"{{i18n:27585004.5}}\"
                /pause 500/farmerEat TangYuan.Objects
                /pause 1200/question fork1 \"{{i18n:27585004.6}}#{{i18n:27585004.7}}#{{i18n:27585004.8}}\"/fork 27585004_2
                /pause 500/speak TangYuan \"{{i18n:27585004_1}}\"
                /pause 500/switchEvent 27585004_3","27585004_2": "pause 500/speak TangYuan \"{{i18n:27585004_2}}\"/switchEvent 27585004_3",
                "27585004_3": "pause 500/speak TangYuan \"{{i18n:27585004.9}}\"
                /question fork1 \"{{i18n:27585004.10}}#{{i18n:27585004.11}}#{{i18n:27585004.12}}\"/fork 27585004_4
                /pause 500/speak TangYuan \"{{i18n:27585004_3}}\"
                /pause 500/switchEvent 27585004_end","27585004_4": "pause 500/speak TangYuan \"{{i18n:27585004_4}}\"/switchEvent 27585004_end",
                "27585004_end": "pause 500/speak TangYuan \"{{i18n:27585004.13}}\"
                /pause 500/message \"{{i18n:27585004.14}}\"
                /pause 500/speak YuanXiao \"{{i18n:27585004.15}}\"
                /pause 500/speak TangYuan \"{{i18n:27585004.16}}\"
                /pause 500/message \"{{i18n:27585004.17}}\"
                /pause 500/end","When": {
                    "BirthdayEvents": "true",
                    "Year |contains=2,4,6,8,10": "false"
                }
            },
        },
        {
            "LogName": "偶数生日",
            "Action": "EditData",
            "Target": "Data/Events/Custom_TwosmallballsDongtian",
            "Entries": {
                "27585002/e 27585003/t 1200 2400": "continue/9 11/farmer 7 8 2 YuanXiao 6 12 0 TangYuan 6 11 2/skippable/addObject 5 11 221 /pause 500/jump YuanXiao 8/pause 500/move farmer 0 2 2 true/pause 500/move YuanXiao 1 0 0 true/faceDirection TangYuan 1 /pause 500/speak YuanXiao \"{{i18n:27585002.1}}\"/pause 500/speak TangYuan \"{{i18n:27585002.2}}\"/pause 500/message \"{{i18n:27585002.3}}\"/pause 500/speak TangYuan \"{{i18n:27585002.4}}\"/pause 500/textAboveHead YuanXiao \"{{i18n:27585002.5}}\"/pause 500/speak YuanXiao \"{{i18n:27585002.6}}\"/question fork1 \"{{i18n:27585002.7}}#{{i18n:27585002.8}}#{{i18n:27585002.9}}\"/fork 27585002_2/pause 500/speak YianXiao \"{{i18n:27585002_1}}\"/pause 500/switchEvent 27585002_end",
                "27585002_2": "pause 500/speak YuanXiao \"{{i18n:27585002_2}}\"/switchEvent 27585002_end",
                "27585002_end": "pause 500/speak YuanXiao \"{{i18n:27585002.10}}\"/pause 500/textAboveHead TangYuan \"{{i18n:27585002.12}}\"/pause 500/message \"{{i18n:27585002.13}}\"/pause 500/speak TangYuan \"{{i18n:27585002.14}}\"/pause 500/end",
                "When": {
                    "BirthdayEvents": "true",
                    "Year |contains=2,4,6,8,10": "true"
                }
            }
        },
        {
            "LogName": "生日前段-偶数年",
            "Action": "EditData",
            "Target": "Data/Events/Farm",
            "Entries": {
                "27585001/t 600 1200": "continue/64 17/farmer -111 -111 2 TangYuan -111 -111 1 YuanXiao -111 -111 1/skippable/warp TangYuan 64 18/warp YuanXiao 65 18/warp farmer 64 14 /pause 500/move farmer 0 1 2/pause 500/textAboveHead TangYuan \"{{i18n:27585001.1}}\"/pause 500/message \"{{i18n:27585001.2}}\"/pause 500/speak TangYuan \"{{i18n:27585001.3}}\"/pause 500/speak YuanXiao \"{{i18n:27585001.4}}\"/pause 500/speak TangYuan \"{{i18n:27585001.5}}\"/pause 500/speak YuanXiao \"{{i18n:27585001.6}}\"/pause 500/speak TangYuan \"{{i18n:27585001.7}}\"/pause 500/textAboveHead YuanXiao \"{{i18n:27585001.8}}\"/pause 500/end"
            },
            "When": {
                "Season": "{{BirthdaySeason}}",
                "Day": "{{BirthdayDay}}",
                "BirthdayEvents": "true",
                "Year |contains=2,4,6,8,10": "false"
            }
        },
        {
            "LogName": "生日前段-单数年",
            "Action": "EditData",
            "Target": "Data/Events/Farm",
            "Entries": {
                "27585003/t 600 1200": "continue/64 17/farmer -111 -111 2 TangYuan -111 -111 1 YuanXiao -111 -111 1/skippable/warp YuanXiao 64 18/warp TangYuan 65 18/warp farmer 64 14 /pause 500/move farmer 0 1 2/pause 500/textAboveHead YuanXiao \"{{i18n:27585003.1}}\"/pause 500/message \"{{i18n:27585003.2}}\"/pause 500/speak YuanXiao \"{{i18n:27585003.3}}\"/pause 500/speak TangYuan \"{{i18n:27585003.4}}\"/pause 500/speak YuanXiao \"{{i18n:27585003.5}}\"/pause 500/speak TangYuan \"{{i18n:27585003.6}}\"/pause 500/speak YuanXiao \"{{i18n:27585003.7}}\"/pause 500/textAboveHead TangYuan \"{{i18n:27585003.8}}\"/pause 500/end"
            },
            "When": {
                "Season": "{{BirthdaySeason}}",
                "Day": "{{BirthdayDay}}",
                "BirthdayEvents": "true",
                "Year |contains=2,4,6,8,10": "true"
            }
        },
        {
            "LogName": "剧情-小镇-原版",
            "Action": "EditData",
            "Target": "Data/Events/Town",
            "Entries": {
                "27585007/f TangYuan 1000/t 600 1200": "continue/59 65/farmer 45 65 2 George 1000 1000 3 TangYuan 65 65 2 YuanXiao 65 66 0/skippable
                /warp George 57 64
                /pause 500/move George 0 1 2
                /pause 500/emote George 12
                /pause 500/textAboveHead George \"{{i18n:27585007.1}}\"
                /pause 500/faceDirection TangYuan 3
                /pause 500/emote TangYuan 16
                /faceDirection YuanXiao 3
                /pause 500/move TangYuan -6 0 3
                /pause 300/speak TangYuan \"{{i18n:27585007.2}}\"
                /pause 400/speak George \"{{i18n:27585007.3}}\"
                /pause 400/speak TangYuan \"{{i18n:27585007.4}}\"
                /pause 400/speak George \"{{i18n:27585007.5}}\"
                /pause 400/speak TangYuan \"{{i18n:27585007.6}}\"
                /pause 500/emote George 8
                /faceDirection George 1
                /pause 400/speak George \"{{i18n:27585007.7}}\"
                /pause 400/speak TangYuan \"{{i18n:27585007.8}}\"
                /pause 400/speak George \"{{i18n:27585007.9}}\"
                /shake TangYuan 600
                /pause 400/speak TangYuan \"{{i18n:27585007.10}}\"
                /pause 200/jump YuanXiao 8/speed YuanXiao 5/speed farmer 4
                /pause 500/move YuanXiao -8 0 0/pause 500
                /speak YuanXiao \"{{i18n:27585007.11}}\"
                /pause 500/emote George 40
                /pause 500/move George 0 -1 0
                /warp George -999 -999
                /pause 400/speak YuanXiao \"{{i18n:27585007.12}}\"
                /pause 500/move YuanXiao 2 0 0 true
                /pause 500/move farmer 12 0 1 true
                /faceDirection TangYuan 2
                /pause 200/textAboveHead YuanXiao \"{{i18n:27585007.28}}\"
                /pause 400/message \"{{i18n:27585007.13}}\"
                /pause 400/speak YuanXiao \"{{i18n:27585007.14}}\"
                /pause 400/speak TangYuan \"{{i18n:27585007.15}}\"
                /pause 400/message \"{{i18n:27585007.16}}\"
                /pause 400/speak TangYuan \"{{i18n:27585007.18}}\"
                /pause 400/message \"{{i18n:27585007.19}}\"
                /pause 400/speak TangYuan \"{{i18n:27585007.20}}\"
                /pause 400/message \"{{i18n:27585007.21}}\"
                /pause 400/speak YuanXiao \"{{i18n:27585007.22}}\"
                /pause 400/message \"{{i18n:27585007.23}}\"
                /pause 400/speak TangYuan \"{{i18n:27585007.24}}\"
                /pause 400/message \"{{i18n:27585007.25}}\"
                /pause 500/textAboveHead TangYuan \"{{i18n:27585007.26}}\"
                /pause 400/textAboveHead YuanXiao \"{{i18n:27585007.27}}\"
                /pause 500/end","27585008/f TangYuan 1000/e 27585007/t 1300 1800": "continue/61 67/Harvey 59 68 1 George 1000 1000 3 TangYuan 61 70 0 farmer 61 68 2/skippable
                /pause 800/message \"{{i18n:27585008.1}}\"
                /pause 500/speak TangYuan \"{{i18n:27585008.2}}\"
                /pause 500/message \"{{i18n:27585008.3}}\"
                /pause 500/faceDirection farmer 3
                /pause 500/message \"{{i18n:27585008.4}}\"
                /pause 500/speak Harvey \"{{i18n:27585008.5}}\"
                /pause 500/message \"{{i18n:27585008.6}}\"
                /globalFade/viewport 0 999
                /changeLocation JoshHouse/playMusic springtown
                /warp Harvey 17 19/warp George 15 21/warp TangYuan 13 18/warp farmer 14 19
                /faceDirection Harvey 2/faceDirection George 0/faceDirection TangYuan 2/faceDirection farmer 2
                /pause 1/viewport 15 19 clamp
                /pause 500/speak George \"{{i18n:27585008.7}}\"
                /pause 500/move Harvey 0 2 3
                /pause 500/speak Harvey \"{{i18n:27585008.8}}\"
                /faceDirection George 1
                /pause 500/speak George \"{{i18n:27585008.9}}\"
                /pause 500/speak Harvey \"{{i18n:27585008.10}}\"
                /faceDirection George 0
                /pause 500/emote George 40
                /pause 500/textAboveHead George \"{{i18n:27585008.11}}\"
                /pause 700/message \"{{i18n:27585008.12}}\"
                /pause 500/move TangYuan 0 3 1 true
                /pause 500/speak George \"{{i18n:27585008.14}}\"
                /pause 500/speak TangYuan \"{{i18n:27585008.15}}\"
                /pause 500/message \"{{i18n:27585008.16}}\"
                /pause 500/speak Harvey \"{{i18n:27585008.17}}\"
                /pause 500/speak George \"{{i18n:27585008.18}}\"
                /pause 500/message \"{{i18n:27585008.19}}\"
                /globalFade/viewport 0 999
                /warp Harvey 17 21/warp George 15 21/warp TangYuan 14 21
                /faceDirection TangYuan 1/faceDirection Harvey 3/faceDirection George 3
                /pause 500/message \"{{i18n:27585008.29}}\"
                /pause 1/viewport 15 19 clamp
                /pause 500/speak George \"{{i18n:27585008.20}}\"
                /pause 500/textAboveHead Harvey \"{{i18n:27585008.21}}\"
                /faceDirection George 1
                /move Harvey -1 0 1/animate Harvey false true 600 31 31 31/shake Harvey 100
                /pause 500/message \"{{i18n:27585008.22}}\"
                /stopAnimation Harvey 12
                /pause 500/speak George \"{{i18n:27585008.23}}\"
                /pause 500/speak TangYuan \"{{i18n:27585008.24}}\"
                /pause 200/faceDirection George 2/pause 200/faceDirection George 1
                /pause 500/emote George 40/pause 200/faceDirection George 3
                /pause 500/speak George \"{{i18n:27585008.26}}\"
                /pause 500/speak Harvey \"{{i18n:27585008.27}}\"
                /pause 1/viewport move 0 999 200
                /pause 500/message \"{{i18n:27585008.28}}\"
                /pause 500/end","27585009/f YuanXiao 1500/t 600 1200": "continue/11 90/farmer -111 -111 2 Marnie 9 90 1 YuanXiao 66 66 1/skippable
                /addBigProp 10 90 45
                /pause 500/shake Marnie 200
                /warp YuanXiao 0 91
                /pause 500/textAboveHead Marnie \"{{i18n:27585009.1}}\"
                /pause 500/jump YuanXiao 8/speed YuanXiao 5
                /pause 500/move YuanXiao 10 0 0
                /pause 500/speak YuanXiao \"{{i18n:27585009.2}}\"
                /pause 500/speak Marnie \"{{i18n:27585009.3}}\"
                /pause 500/speak YuanXiao \"{{i18n:27585009.4}}\"
                /pause 500/shake YuanXiao 200
                /pause 500/emote YuanXiao 40
                /pause 500/textAboveHead YuanXiao \"{{i18n:27585009.5}}\"
                /pause 500/shake YuanXiao 200
                /screenFlash 1
                /pause 500/jump Marnie 8
                /pause 500/textAboveHead Marnie \"{{i18n:27585009.6}}\"
                /warp farmer 15 84
                /speed farmer 3
                /pause 500/move farmer 0 7 3/speed farmer 4
                /pause 500/emote farmer 16
                /pause 500/move farmer -4 0 3
                /pause 500/message \"{{i18n:27585009.7}}\"
                /faceDirection YuanXiao 1
                /pause 500/emote YuanXiao 28
                /pause 500/speak Marnie \"{{i18n:27585009.9}}\"
                /pause 500/speak YuanXiao \"{{i18n:27585009.10}}\"
                /pause 500/message \"{{i18n:27585009.11}}\"
                /globalFade/viewport -999 -999
                /warp Marnie 11 90/warp YuanXiao 12 91/warp farmer 12 89
                /pause 500/message \"{{i18n:27585009.12}}\"
                /faceDirection farmer 2/faceDirection YuanXiao 0
                /pause 1/viewport 11 90 clamp
                /pause 500/message \"{{i18n:27585009.13}}\"
                /pause 500/speak Marnie \"{{i18n:27585009.14}}\"
                /pause 500/speak YuanXiao \"{{i18n:27585009.15}}\"
                /pause 500/message \"{{i18n:27585009.16}}\"
                /pause 500/speak YuanXiao \"{{i18n:27585009.17}}\"
                /pause 500/end","27585012/f TangYuan 2500/t 600 1000": "continue/30 57/farmer 30 63 0 TangYuan 30 56 2 Caroline -999 -999 2 Evelyn -111 -111 2 Jodi -111 -111 3 Vincent -999 -999 0/skippable
                /animate TangYuan false true 1 17
                /pause 500/move farmer 0 -4 0
                /pause 500/message \"{{i18n:27585012.1}}\"
                /emote TangYuan 16 
                /stopAnimation TangYuan 0
                /pause 500/move farmer 0 -1 0
                /pause 500/message \"{{i18n:27585012.2}}\"
                /pause 500/speak TangYuan \"{{i18n:27585012.3}}\"
                /pause 500/message \"{{i18n:27585012.4}}\"
                /pause 500/move farmer 0 -1 0
                /pause 100/startJittering
                /pause 200/stopJittering
                /pause 500/message \"{{i18n:27585012.5}}\"
                /pause 500/speak TangYuan \"{{i18n:27585012.6}}\"
                /globalFade/viewport 0 999
                /changeLocation SeedShop/playMusic springtown
                /warp TangYuan 9 26 /warp farmer -999 -999/warp Caroline 9 19
                /faceDirection Caroline 2/faceDirection TangYuan 1
                /pause 1/viewport 8 24 clamp
                /pause 500/move Caroline 0 4 2
                /faceDirection TangYuan 0
                /pause 500/emote Caroline 32
                /pause 500/emote TangYuan 60
                /pause 500/speak TangYuan \"{{i18n:27585012.13}}\"
                /globalFade/viewport 0 999
                /changeLocation SamHouse/playMusic springtown
                /warp Jodi 6 5/warp TangYuan 7 12/warp Vincent 12 7/warp Caroline -999 -999
                /faceDirection Jodi 0/faceDirection TangYuan 0
                /pause 1/viewport 7 7 clamp
                /pause 500/move TangYuan 0 -3 0
                /pause 500/emote TangYuan 40 
                /faceDirection Jodi 2
                /pause 500/emote Jodi  16
                /faceDirection Jodi 1
                /pause 500/textAboveHead Jodi \"{{i18n:27585012.7}}\"
                /faceDirection Vincent 3
                /speed Vincent 5
                /pause 500/jump Vincent 8
                /pause 500/move Vincent -5 0 2
                /pause 500/speak TangYuan \"{{i18n:27585012.14}}\"
                /globalFade/viewport 0 999
                /changeLocation JoshHouse/playMusic springtown
                /warp Evelyn 3 17/warp TangYuan 3 19/warp Jodi -999 -999
                /faceDirection Evelyn 2/faceDirection TangYuan 0
                /pause 1/viewport 4 18 clamp
                /faceDirection Evelyn 2
                /pause 500/animate Evelyn false true 1 20
                /pause 500/emote Evelyn 32
                /pause 500/emote TangYuan 20
                /pause 500/speak TangYuan \"{{i18n:27585012.15}}\"
                /globalFade/viewport 0 999
                /changeLocation Town/playMusic springtown
                /warp farmer 30 58/warp TangYuan 30 56/warp Evelyn -999 -999
                /faceDirection farmer 0/faceDirection TangYuan 2
                /pause 1/viewport 30 57 clamp
                /pause 500/speak TangYuan \"{{i18n:27585012.8}}\"
                /pause 500/emote TangYuan 40
                /pause 500/speak TangYuan \"{{i18n:27585012.10}}\"
                /pause 500/message \"{{i18n:27585012.11}}\"
                /pause 500/speak TangYuan \"{{i18n:27585012.12}}\"
                /pause 500/end","27585013/f YuanXiao 2500/t 1300 1800": "continue/29 65/farmer 29 75 0 Marnie 27 66 2 Caroline 26 67 1 Jodi 27 68 0 YuanXiao 31 61 2/skippable
                /pause 500/textAboveHead Jodi \"{{i18n:27585013.1}}\"
                /pause 500/textAboveHead Marnie \"{{i18n:27585013.2}}\"
                /move YuanXiao 0 6 3
                /pause 500/emote Caroline 16
                /faceDirection Marnie 1/faceDirection Caroline 1/faceDirection Jodi 1
                /pause 500/speak Caroline \"{{i18n:27585013.3}}\"
                /pause 500/textAboveHead YuanXiao \"{{i18n:27585013.4}}\"
                /pause 500/speak Jodi \"{{i18n:27585013.5}}\"
                /pause 500/speak YuanXiao \"{{i18n:27585013.6}}\"
                /pause 500/move farmer 0 -6 0 true
                /pause 500/message \"{{i18n:27585013.7}}\"
                /faceDirection YuanXiao 2/faceDirection Marnie 2/faceDirection Caroline 2/faceDirection Jodi 2
                /pause 500/speak YuanXiao \"{{i18n:27585013.8}}\"
                /pause 500/speak Marnie \"{{i18n:27585013.9}}\"
                /pause 500/speak Caroline \"{{i18n:27585013.10}}\"
                /pause 500/speak YuanXiao \"{{i18n:27585013.11}}\"
                /pause 500/speak Jodi \"{{i18n:27585013.12}}\"
                /pause 500/speak YuanXiao \"{{i18n:27585013.13}}\"
                /globalFade/viewport 0 999
                /warp Marnie -11 -90/warp Jodi -12 -91/warp Caroline -12 -89/warp YuanXiao 29 67
                /pause 1/viewport 29 68 clamp
                /pause 500/message \"{{i18n:27585013.14}}\"
                /pause 500/speak YuanXiao \"{{i18n:27585013.15}}\"
                /pause 500/message \"{{i18n:27585013.16}}\"
                /pause 500/speak YuanXiao \"{{i18n:27585013.17}}\"
                /faceDirection YuanXiao 1/faceDirection YuanXiao 3/faceDirection YuanXiao 2
                /pause 500/emote YuanXiao 40
                /pause 500/message \"{{i18n:27585013.18}}\"
                /pause 500/speak YuanXiao \"{{i18n:27585013.19}}\"
                /faceDirection YuanXiao 0
                /pause 500/move farmer 0 -1 0
                /pause 100/startJittering
                /pause 200/stopJittering
                /pause 500/message \"{{i18n:27585013.20}}\"
                /pause 500/shake YuanXiao 200/faceDirection YuanXiao 2
                /pause 500/emote YuanXiao 40
                /pause 500/speak YuanXiao \"{{i18n:27585013.0}}\"
                /pause 500/end"
            },
            "When": {
                "HasMod |contains=FlashShifter.StardewValleyExpandedCP": false
            }
        },
        {
            "LogName": "剧情-小镇-SVE",
            "Action": "EditData",
            "Target": "Data/Events/Town",
            "Entries": {
                "27585007/f TangYuan 1000/t 600 1200": "continue/59 65/farmer 45 65 2 George 1000 1000 3 TangYuan 65 65 2 YuanXiao 65 66 0/skippable
            /warp George 58 64
            /pause 500/move George 0 1 2
            /pause 500/emote George 12
            /pause 500/textAboveHead George \"{{i18n:27585007.1}}\"
            /pause 500/faceDirection TangYuan 3
            /pause 500/emote TangYuan 16
            /faceDirection YuanXiao 3
            /pause 500/move TangYuan -5 0 3
            /pause 300/speak TangYuan \"{{i18n:27585007.2}}\"
            /pause 400/speak George \"{{i18n:27585007.3}}\"
            /pause 400/speak TangYuan \"{{i18n:27585007.4}}\"
            /pause 400/speak George \"{{i18n:27585007.5}}\"
            /pause 400/speak TangYuan \"{{i18n:27585007.6}}\"
            /pause 500/emote George 8
            /faceDirection George 1
            /pause 400/speak George \"{{i18n:27585007.7}}\"
            /pause 400/speak TangYuan \"{{i18n:27585007.8}}\"
            /pause 400/speak George \"{{i18n:27585007.9}}\"
            /shake TangYuan 600
            /pause 400/speak TangYuan \"{{i18n:27585007.10}}\"
            /pause 200/jump YuanXiao 8/speed YuanXiao 5/speed farmer 4
            /pause 500/move YuanXiao -7 0 0
            /pause 500/speak YuanXiao \"{{i18n:27585007.11}}\"
            /pause 500/emote George 40
            /pause 500/move George -1 0 0/move George 0 -1 0
            /warp George -999 -999
            /pause 400/speak YuanXiao \"{{i18n:27585007.12}}\"
            /pause 500/move YuanXiao 2 0 0 true
            /pause 500/move farmer 13 0 1 true
            /faceDirection TangYuan 2
            /pause 200/textAboveHead YuanXiao \"{{i18n:27585007.28}}\"
            /pause 400/message \"{{i18n:27585007.13}}\"
            /pause 400/speak YuanXiao \"{{i18n:27585007.14}}\"
            /pause 400/speak TangYuan \"{{i18n:27585007.15}}\"
            /pause 400/message \"{{i18n:27585007.16}}\"
            /pause 400/speak TangYuan \"{{i18n:27585007.18}}\"
            /pause 400/message \"{{i18n:27585007.19}}\"
            /pause 400/speak TangYuan \"{{i18n:27585007.20}}\"
            /pause 400/message \"{{i18n:27585007.21}}\"
            /pause 400/speak YuanXiao \"{{i18n:27585007.22}}\"
            /pause 400/message \"{{i18n:27585007.23}}\"
            /pause 400/speak TangYuan \"{{i18n:27585007.24}}\"
            /pause 400/message \"{{i18n:27585007.25}}\"
            /pause 500/textAboveHead TangYuan \"{{i18n:27585007.26}}\"
            /pause 400/textAboveHead YuanXiao \"{{i18n:27585007.27}}\"
            /pause 500/end","27585008/f TangYuan 1000/e 27585007/t 1300 1800": "continue/61 67/Harvey 59 68 1 George 1000 1000 3 TangYuan 61 70 0 farmer 61 68 2/skippable
            /pause 800/message \"{{i18n:27585008.1}}\"
            /pause 500/speak TangYuan \"{{i18n:27585008.2}}\"
            /pause 500/message \"{{i18n:27585008.3}}\"
            /pause 500/faceDirection farmer 3
            /pause 500/message \"{{i18n:27585008.4}}\"
            /pause 500/speak Harvey \"{{i18n:27585008.5}}\"
            /pause 500/message \"{{i18n:27585008.6}}\"
            /globalFade/viewport 0 999
            /changeLocation JoshHouse/playMusic springtown
            /warp Harvey 17 19/warp George 15 21/warp TangYuan 13 19/warp farmer 14 19
            /faceDirection Harvey 2/faceDirection George 0/faceDirection TangYuan 2/faceDirection farmer 2
            /pause 1/viewport 15 19 clamp
            /pause 500/speak George \"{{i18n:27585008.7}}\"
            /pause 500/move Harvey 0 2 3
            /pause 500/speak Harvey \"{{i18n:27585008.8}}\"
            /faceDirection George 1
            /pause 500/speak George \"{{i18n:27585008.9}}\"
            /pause 500/speak Harvey \"{{i18n:27585008.10}}\"
            /faceDirection George 0
            /pause 500/emote George 40
            /pause 500/textAboveHead George \"{{i18n:27585008.11}}\"
            /pause 700/message \"{{i18n:27585008.12}}\"
            /pause 500/move TangYuan 0 2 1 true
            /pause 500/speak George \"{{i18n:27585008.14}}\"
            /pause 500/speak TangYuan \"{{i18n:27585008.15}}\"
            /pause 500/message \"{{i18n:27585008.16}}\"
            /pause 500/speak Harvey \"{{i18n:27585008.17}}\"
            /pause 500/speak George \"{{i18n:27585008.18}}\"
            /pause 500/message \"{{i18n:27585008.19}}\"
            /globalFade/viewport 0 999
            /warp Harvey 17 21/warp George 15 21/warp TangYuan 14 21
            /faceDirection TangYuan 1/faceDirection Harvey 3/faceDirection George 3
            /pause 500/message \"{{i18n:27585008.29}}\"
            /pause 1/viewport 15 19 clamp
            /pause 500/speak George \"{{i18n:27585008.20}}\"
            /pause 500/textAboveHead Harvey \"{{i18n:27585008.21}}\"
            /faceDirection George 1
            /move Harvey -1 0 1/animate Harvey false true 600 31 31 31/shake Harvey 100
            /pause 500/message \"{{i18n:27585008.22}}\"
            /stopAnimation Harvey 12
            /pause 500/speak George \"{{i18n:27585008.23}}\"
            /pause 500/speak TangYuan \"{{i18n:27585008.24}}\"
            /pause 200/faceDirection George 2/pause 200/faceDirection George 1
            /pause 500/emote George 40/pause 200/faceDirection George 3
            /pause 500/speak George \"{{i18n:27585008.26}}\"
            /pause 500/speak Harvey \"{{i18n:27585008.27}}\"
            /pause 1/viewport move 0 999 200
            /pause 500/message \"{{i18n:27585008.28}}\"
            /pause 500/end","27585009/f YuanXiao 1500/t 600 1200": "continue/11 90/farmer -111 -111 2 Marnie 9 90 1 YuanXiao 66 66 1/skippable
            /addBigProp 10 90 45
            /pause 500/shake Marnie 200
            /warp YuanXiao 0 91
            /pause 500/textAboveHead Marnie \"{{i18n:27585009.1}}\"
            /pause 500/jump YuanXiao 8/speed YuanXiao 5
            /pause 500/move YuanXiao 10 0 0
            /pause 500/speak YuanXiao \"{{i18n:27585009.2}}\"
            /pause 500/speak Marnie \"{{i18n:27585009.3}}\"
            /pause 500/speak YuanXiao \"{{i18n:27585009.4}}\"
            /pause 500/shake YuanXiao 200
            /pause 500/emote YuanXiao 40
            /pause 500/textAboveHead YuanXiao \"{{i18n:27585009.5}}\"
            /pause 500/shake YuanXiao 200
            /screenFlash 1
            /pause 500/jump Marnie 8
            /pause 500/textAboveHead Marnie \"{{i18n:27585009.6}}\"
            /warp farmer 18 84
            /speed farmer 3
            /pause 500/move farmer 0 7 3/speed farmer 4
            /pause 500/emote farmer 16
            /pause 500/move farmer -7 0 3
            /pause 500/message \"{{i18n:27585009.7}}\"
            /faceDirection YuanXiao 1
            /pause 500/emote YuanXiao 28
            /pause 500/speak Marnie \"{{i18n:27585009.9}}\"
            /pause 500/speak YuanXiao \"{{i18n:27585009.10}}\"
            /pause 500/message \"{{i18n:27585009.11}}\"
            /globalFade/viewport -999 -999
            /warp Marnie 11 90/warp YuanXiao 12 91/warp farmer 12 89
            /pause 500/message \"{{i18n:27585009.12}}\"
            /faceDirection farmer 2/faceDirection YuanXiao 0
            /pause 1/viewport 11 90 clamp
            /pause 500/message \"{{i18n:27585009.13}}\"
            /pause 500/speak Marnie \"{{i18n:27585009.14}}\"
            /pause 500/speak YuanXiao \"{{i18n:27585009.15}}\"
            /pause 500/message \"{{i18n:27585009.16}}\"
            /pause 500/speak YuanXiao \"{{i18n:27585009.17}}\"
            /pause 500/end","27585012/f TangYuan 2500/t 600 1000": "continue/30 57/farmer 30 63 0 TangYuan 30 56 2 Caroline -999 -999 2 Evelyn -111 -111 2 Jodi -111 -111 3 Vincent -999 -999 0/skippable
            /animate TangYuan false true 1 17
            /pause 500/move farmer 0 -4 0
            /pause 500/message \"{{i18n:27585012.1}}\"
            /emote TangYuan 16 
            /stopAnimation TangYuan 0
            /pause 500/move farmer 0 -1 0
            /pause 500/message \"{{i18n:27585012.2}}\"
            /pause 500/speak TangYuan \"{{i18n:27585012.3}}\"
            /pause 500/message \"{{i18n:27585012.4}}\"
            /pause 500/move farmer 0 -1 0
            /pause 100/startJittering
            /pause 200/stopJittering
            /pause 500/message \"{{i18n:27585012.5}}\"
            /pause 500/speak TangYuan \"{{i18n:27585012.6}}\"
            /globalFade/viewport 0 999
            /changeLocation SeedShop/playMusic springtown
            /warp TangYuan 9 26 /warp farmer -999 -999/warp Caroline 9 19
            /faceDirection Caroline 2/faceDirection TangYuan 1
            /pause 1/viewport 8 24 clamp
            /pause 500/move Caroline 0 4 2
            /faceDirection TangYuan 0
            /pause 500/emote Caroline 32
            /pause 500/emote TangYuan 60
            /pause 500/speak TangYuan \"{{i18n:27585012.13}}\"
            /globalFade/viewport 0 999
            /changeLocation SamHouse/playMusic springtown
            /warp Jodi 6 5/warp TangYuan 7 12/warp Vincent 12 7/warp Caroline -999 -999
            /faceDirection Jodi 0/faceDirection TangYuan 0
            /pause 1/viewport 7 7 clamp
            /pause 500/move TangYuan 0 -3 0
            /pause 500/emote TangYuan 40 
            /faceDirection Jodi 2
            /pause 500/emote Jodi  16
            /faceDirection Jodi 1
            /pause 500/textAboveHead Jodi \"{{i18n:27585012.7}}\"
            /faceDirection Vincent 3
            /speed Vincent 5
            /pause 500/jump Vincent 8
            /pause 500/move Vincent -5 0 2
            /pause 500/speak TangYuan \"{{i18n:27585012.14}}\"
            /globalFade/viewport 0 999
            /changeLocation JoshHouse/playMusic springtown
            /warp Evelyn 3 17/warp TangYuan 3 19/warp Jodi -999 -999
            /faceDirection Evelyn 2/faceDirection TangYuan 0
            /pause 1/viewport 4 18 clamp
            /faceDirection Evelyn 2
            /pause 500/animate Evelyn false true 1 20
            /pause 500/emote Evelyn 32
            /pause 500/emote TangYuan 20
            /pause 500/speak TangYuan \"{{i18n:27585012.15}}\"
            /globalFade/viewport 0 999
            /changeLocation Town/playMusic springtown
            /warp farmer 30 58/warp TangYuan 30 56/warp Evelyn -999 -999
            /faceDirection farmer 0/faceDirection TangYuan 2
            /pause 1/viewport 30 57 clamp
            /pause 500/speak TangYuan \"{{i18n:27585012.8}}\"
            /pause 500/emote TangYuan 40
            /pause 500/speak TangYuan \"{{i18n:27585012.10}}\"
            /pause 500/message \"{{i18n:27585012.11}}\"
            /pause 500/speak TangYuan \"{{i18n:27585012.12}}\"
            /pause 500/end","27585013/f YuanXiao 2500/t 1300 1800": "continue/29 65/farmer 29 75 0 Marnie 27 66 2 Caroline 26 67 1 Jodi 27 68 0 YuanXiao 31 61 2/skippable
            /pause 500/textAboveHead Jodi \"{{i18n:27585013.1}}\"
            /pause 500/textAboveHead Marnie \"{{i18n:27585013.2}}\"
            /move YuanXiao 0 6 3
            /pause 500/emote Caroline 16
            /faceDirection Marnie 1/faceDirection Caroline 1/faceDirection Jodi 1
            /pause 500/speak Caroline \"{{i18n:27585013.3}}\"
            /pause 500/textAboveHead YuanXiao \"{{i18n:27585013.4}}\"
            /pause 500/speak Jodi \"{{i18n:27585013.5}}\"
            /pause 500/speak YuanXiao \"{{i18n:27585013.6}}\"
            /pause 500/move farmer 0 -6 0 true
            /pause 500/message \"{{i18n:27585013.7}}\"
            /faceDirection YuanXiao 2/faceDirection Marnie 2/faceDirection Caroline 2/faceDirection Jodi 2
            /pause 500/speak YuanXiao \"{{i18n:27585013.8}}\"
            /pause 500/speak Marnie \"{{i18n:27585013.9}}\"
            /pause 500/speak Caroline \"{{i18n:27585013.10}}\"
            /pause 500/speak YuanXiao \"{{i18n:27585013.11}}\"
            /pause 500/speak Jodi \"{{i18n:27585013.12}}\"
            /pause 500/speak YuanXiao \"{{i18n:27585013.13}}\"
            /globalFade/viewport 0 999
            /warp Marnie -11 -90/warp Jodi -12 -91/warp Caroline -12 -89/warp YuanXiao 29 67
            /pause 1/viewport 29 68 clamp
            /pause 500/message \"{{i18n:27585013.14}}\"
            /pause 500/speak YuanXiao \"{{i18n:27585013.15}}\"
            /pause 500/message \"{{i18n:27585013.16}}\"
            /pause 500/speak YuanXiao \"{{i18n:27585013.17}}\"
            /faceDirection YuanXiao 1/faceDirection YuanXiao 3/faceDirection YuanXiao 2
            /pause 500/emote YuanXiao 40
            /pause 500/message \"{{i18n:27585013.18}}\"
            /pause 500/speak YuanXiao \"{{i18n:27585013.19}}\"
            /faceDirection YuanXiao 0
            /pause 500/move farmer 0 -1 0
            /pause 100/startJittering
            /pause 200/stopJittering
            /pause 500/message \"{{i18n:27585013.20}}\"
            /pause 500/shake YuanXiao 200/faceDirection YuanXiao 2
            /pause 500/emote YuanXiao 40
            /pause 500/speak YuanXiao \"{{i18n:27585013.0}}\"
            /pause 500/end"
            },
            "When": {
                "HasMod |contains=FlashShifter.StardewValleyExpandedCP": true
            }
        },
        {
            "LogName": "剧情-秘密森林-原版",
            "Action": "EditData",
            "Target": "Data/Events/Woods",
            "Entries": {
                "27585005/f TangYuan 500/f YuanXiao 500/t 1400 2000": "continue/32 13/TangYuan 38 14 3 YuanXiao 37 14 3/skippable
                /mail 27585050
                /addTemporaryActor Slime1 16 32 33 20 2 false character/addTemporaryActor Slime2 16 32 45 15 2 false character/addTemporaryActor Slime3 16 32 29 18 2 false character/addTemporaryActor Slime4 16 32 42 7 2 false character/addTemporaryActor Slime5 16 32 -999 -999 2 false character
                /pause 500/move TangYuan -2 0 3 true/move YuanXiao -3 0 3 true
                /pause 500/speak TangYuan \"{{i18n:27585005.1}}\"
                /faceDirection YuanXiao 1
                /pause 500/speak YuanXiao \"{{i18n:27585005.2}}\"
                /pause 500/message \"{{i18n:27585005.3}}\"
                /faceDirection YuanXiao 0
                /faceDirection TangYuan 0 /warp Slime5 33 7
                /pause 500/speak TangYuan \"{{i18n:27585005.4}}\"
                /pause 500/move Slime5 0 3 3 true
                /pause 500/emote YuanXiao 16/emote TangYuan 28
                /animate Slime5 false false 500 0 1 0 1 0 1 0 1 0
                /pause 500/message \"{{i18n:27585005.5}}\"
                /pause 500/speak YuanXiao \"{{i18n:27585005.6}}\"
                /pause 500/move Slime1 0 -3 0 true/move Slime3 0 -4 0 true/move Slime2 -5 0 3 true/move Slime4 0 6 1 true
                /pause 500/message \"{{i18n:27585005.7}}\"
                /pause 500/speak TangYuan \"{{i18n:27585005.8}}\"
                /pause 500/speak YuanXiao \"{{i18n:27585005.9}}\"
                /pause 500/move YuanXiao -1 0 0
                /faceDirection TangYuan 3
                /pause 500/textAboveHead YuanXiao \"{{i18n:27585005.10}}\"
                /pause 500/textAboveHead YuanXiao \"{{i18n:27585005.11}}\"
                /pause 500/speak TangYuan \"{{i18n:27585005.12}}\"
                /globalFade
                /viewport 0 999
                /playSound explosion
                /warp TangYuan 34 14/warp Slime1 999 999/warp Slime2 999 999/warp Slime3 999 999/warp Slime4 999 999/warp Slime5 999 999
                /removeTemporarySprites
                /faceDirection YuanXiao 1/faceDirection TangYuan 3
                /pause 1/viewport 66 28 clamp
                /pause 500/speak YuanXiao \"{{i18n:27585005.13}}\"
                /pause 500/speak TangYuan \"{{i18n:27585005.14}}\"
                /faceDirection YuanXiao 3
                /pause 500/jump YuanXiao 8
                /pause 500/textAboveHead YuanXiao \"{{i18n:27585005.15}}\"
                /pause 500/end"
            },
            "When": {
                "HasMod |contains=FlashShifter.StardewValleyExpandedCP": false
            }
        },
        {
            "LogName": "剧情-秘密森林-sve",
            "Action": "EditData",
            "Target": "Data/Events/Woods",
            "Entries": {
                "27585005/f TangYuan 500/f YuanXiao 500/t 1400 2000": "continue/66 28/TangYuan 72 28 3 YuanXiao 71 28 3/skippable
                /mail 27585050
                /addTemporaryActor Slime1 16 32 60 31 2 false character
                /addTemporaryActor Slime2 16 32 63 27 2 false character
                /addTemporaryActor Slime3 16 32 71 31 2 false character
                /addTemporaryActor Slime4 16 32 75 30 2 false character
                /addTemporaryActor Slime5 16 32 -999 -999 2 false character
                /pause 500/move TangYuan -2 0 3 true/move YuanXiao -3 0 3 true
                /pause 500/speak TangYuan \"{{i18n:27585005.1}}\"/faceDirection YuanXiao 1 
                /pause 500/speak YuanXiao \"{{i18n:27585005.2}}\"
                /pause 500/message \"{{i18n:27585005.3}}\"/faceDirection YuanXiao 0 /faceDirection TangYuan 0 
                /warp Slime5 68 20
                /pause 500/speak TangYuan \"{{i18n:27585005.4}}\"
                /pause 500/move Slime5 0 4 2 true
                /pause 500/emote YuanXiao 16/emote TangYuan 28
                /animate Slime5 false false 300 0 1 0
                /pause 500/message \"{{i18n:27585005.5}}\"
                /pause 500/speak YuanXiao \"{{i18n:27585005.6}}\"
                /pause 500/move Slime1 5 0 0 true/move Slime2 3 0 3 true/move Slime3 -3 0 0 true/move Slime4 0 6 3 true
                /pause 500/message \"{{i18n:27585005.7}}\"
                /pause 500/speak TangYuan \"{{i18n:27585005.8}}\"
                /pause 500/speak YuanXiao \"{{i18n:27585005.9}}\"
                /pause 500/move YuanXiao -1 0 0
                /faceDirection TangYuan 3
                /pause 500/textAboveHead YuanXiao \"{{i18n:27585005.10}}\"
                /pause 500/textAboveHead YuanXiao \"{{i18n:27585005.11}}\"
                /pause 500/speak TangYuan \"{{i18n:27585005.12}}\"
                /globalFade
                /viewport 0 999
                /playSound explosion
                /warp TangYuan 69 28/warp Slime1 999 999/warp Slime2 999 999/warp Slime3 999 999/warp Slime4 999 999/warp Slime5 999 999
                /removeTemporarySprites/faceDirection YuanXiao 1 /faceDirection TangYuan 3
                /pause 1/viewport 66 28 clamp
                /pause 500/speak YuanXiao \"{{i18n:27585005.13}}\"
                /pause 500/speak TangYuan \"{{i18n:27585005.14}}\"/faceDirection YuanXiao 3
                /pause 500/jump YuanXiao 8
                /pause 500/textAboveHead YuanXiao \"{{i18n:27585005.15}}\"
                /pause 500/end"
            },
            "When": {
                "HasMod |contains=FlashShifter.StardewValleyExpandedCP": true
            }
        },
        {
            "LogName": "剧情-沙滩",
            "Action": "EditData",
            "Target": "Data/Events/Beach",
            "Entries": {
                "27585010/z spring fall winter/f TangYuan 1500/t 600 1200": "continue/33 13/TangYuan 32 15 1 farmer 32 5 1/skippable
                /mail 27585051
                /pause 500/move TangYuan -3 0 1
                /pause 500/textAboveHead TangYuan \"{{i18n:27585010.1}}\"
                /pause 500/move TangYuan 3 0 2 true
                /pause 500/textAboveHead TangYuan \"{{i18n:27585010.11}}\"
                /pause 500/move farmer 0 4 2
                /pause 500/message \"{{i18n:27585010.2}}\"
                /faceDirection TangYuan 0
                /pause 100/speak TangYuan \"{{i18n:27585010.3}}\"
                /pause 500/emote TangYuan 40
                /pause 500/speak TangYuan \"{{i18n:27585010.5}}\"
                /pause 500/question fork1 \"{{i18n:27585010.4}}#{{i18n:27585010.6}}#{{i18n:27585010.7}}\"/fork 27585010_2
                /pause 500/speak TangYuan \"{{i18n:27585010_1}}\"
                /pause 500/switchEvent 27585010_end","27585010_2": "pause 500/speak TangYuan \"{{i18n:27585010_2}}\"/switchEvent 27585010_end",
                "27585010_end": "pause 500/speak TangYuan \"{{i18n:27585010.8}}\"
                /pause 500/message \"{{i18n:27585010.9}}\"
                /pause 500/speak TangYuan \"{{i18n:27585010.10}}\"
                /pause 500/end"
            },
            "When": {}
        },
        {
            "LogName": "剧情-乔迪家",
            "Action": "EditData",
            "Target": "Data/Events/SamHouse",
            "Entries": {
                "27585014/f TangYuan 2000/t 1600 2200": "continue/6 13/farmer 8 13 1 TangYuan 999 999 2 Jodi 999 999 1/skippable
                /warp TangYuan 4 22
                /pause 500/move TangYuan 0 -5 0
                /pause 500/textAboveHead TangYuan \"{{i18n:27585014.1}}\"
                /pause 500/move farmer -4 0 2
                /pause 500/speak TangYuan \"{{i18n:27585014.2}}\"
                /pause 500/move TangYuan 0 -2 0
                /pause 500/message \"{{i18n:27585014.3}}\"
                /pause 500/speak TangYuan \"{{i18n:27585014.4}}\"
                /pause 500/message \"{{i18n:27585014.5}}\"
                /pause 500/speak TangYuan \"{{i18n:27585014.6}}\"
                /pause 500/message \"{{i18n:27585014.7}}\"
                /pause 500/emote TangYuan 40
                /pause 500/speak TangYuan \"{{i18n:27585014.8}}\"
                /pause 500/message \"{{i18n:27585014.9}}\"
                /warp Jodi 4 22
                /pause 500/speak TangYuan \"{{i18n:27585014.10}}\"
                /pause 500/move Jodi 0 -4 0
                /pause 500/textAboveHead Jodi \"{{i18n:27585014.11}}\"
                /faceDirection TangYuan 2
                /pause 500/move farmer 0 1 2 /move farmer 1 0 2/move farmer 0 1 2
                /pause 500/speak Jodi \"{{i18n:27585014.12}}\"
                /pause 500/textAboveHead TangYuan \"{{i18n:27585014.13}}\"
                /pause 500/message \"{{i18n:27585014.14}}\"
                /pause 500/speak Jodi \"{{i18n:27585014.15}}\"
                /pause 500/speak TangYuan \"{{i18n:27585014.16}}\"
                /pause 500/message \"{{i18n:27585014.17}}\"
                /pause 500/speak Jodi \"{{i18n:27585014.18}}\"
                /pause 500/end"
            },
            "When": {}
        },
        {
            "LogName": "剧情-山上-原版",
            "Action": "EditData",
            "Target": "Data/Events/Mountain",
            "Entries": {
                "27585006/f YuanXiao 1000/t 1200 1800": "continue/76 13/Marlon 999 999 2 YuanXiao 78 14 2/skippable
                /animate YuanXiao false true 600 20 20 21  22 22 23 
                /addObject 75 13 287/addObject 80 15 262/addObject 79 16 286/addObject 80 16 271/addObject 79 15 303
                /pause 500/speak YuanXiao \"{{i18n:27585006.1}}\"
                /playSound explosion/screenFlash 1/removeSprite 75 13
                /pause 500/stopAnimation YuanXiao 0/jump YuanXiao 8/textAboveHead YuanXiao \"{{i18n:27585006.2}}\"
                /pause 500/move YuanXiao 0 -1 3
                /pause 500/speak YuanXiao \"{{i18n:27585006.3}}\"
                /warp Marlon 76 9
                /pause 500/textAboveHead Marlon \"{{i18n:27585006.4}}\"
                /pause 500/move Marlon 0 2 2
                /pause 500/speak Marlon \"{{i18n:27585006.5}}\"
                /pause 500/emote YuanXiao 16
                /pause 500/move YuanXiao -2 0 0
                /pause 500/speak YuanXiao \"{{i18n:27585006.6}}\"
                /pause 500/speak Marlon \"{{i18n:27585006.7}}\"
                /pause 500/faceDirection YuanXiao 3/faceDirection YuanXiao 0
                /pause 500/emote YuanXiao 28
                /pause 500/speak YuanXiao \"{{i18n:27585006.8}}\"
                /pause 500/speak Marlon \"{{i18n:27585006.10}}\"
                /pause 500/speak YuanXiao \"{{i18n:27585006.11}}\"
                /pause 500/speak Marlon \"{{i18n:27585006.12}}\"
                /pause 500/textAboveHead YuanXiao \"{{i18n:27585006.13}}\"
                /pause 500/end"
            },
            "When": {
                "HasMod |contains=FlashShifter.StardewValleyExpandedCP": false
            }
        },
        {
            "LogName": "剧情-山上-SVE",
            "Action": "EditData",
            "Target": "Data/Events/Mountain",
            "Entries": {
                "27585006/f YuanXiao 1000/t 1200 1800": "continue/76 13/Marlon 999 999 2 YuanXiao 78 14 2/skippable
            /animate YuanXiao false true 600 20 20 21  22 22 23 
            /addObject 75 13 287/addObject 80 15 262/addObject 79 16 286/addObject 80 16 271/addObject 79 15 303
            /pause 500/speak YuanXiao \"{{i18n:27585006.1}}\"
            /playSound explosion/screenFlash 1/removeSprite 75 13
            /pause 500/stopAnimation YuanXiao 0/jump YuanXiao 8/textAboveHead YuanXiao \"{{i18n:27585006.2}}\"
            /pause 500/move YuanXiao 0 -1 3
            /pause 500/speak YuanXiao \"{{i18n:27585006.3}}\"
            /warp Marlon 76 5
            /pause 500/textAboveHead Marlon \"{{i18n:27585006.4}}\"
            /pause 500/move Marlon 0 7 2
            /pause 500/speak Marlon \"{{i18n:27585006.5}}\"
            /pause 500/emote YuanXiao 16
            /pause 500/move YuanXiao -2 0 0
            /pause 500/speak YuanXiao \"{{i18n:27585006.6}}\"
            /pause 500/speak Marlon \"{{i18n:27585006.7}}\"
            /pause 500/faceDirection YuanXiao 3/faceDirection YuanXiao 0
            /pause 500/emote YuanXiao 28
            /pause 500/speak YuanXiao \"{{i18n:27585006.8}}\"
            /pause 500/speak Marlon \"{{i18n:27585006.10}}\"
            /pause 500/speak YuanXiao \"{{i18n:27585006.11}}\"
            /pause 500/speak Marlon \"{{i18n:27585006.12}}\"
            /pause 500/textAboveHead YuanXiao \"{{i18n:27585006.13}}\"
            /pause 500/end"},"When": {
                    "HasMod |contains=FlashShifter.StardewValleyExpandedCP": true
                }
            },
            {
                "LogName": "剧情-冒险家协会-原版",
                "Action": "EditData",
                "Target": "Data/Events/AdventureGuild",
                "Entries": {
                    "27585011/f YuanXiao 2000/t 1800 2200": "continue/5 13/Marlon 4 13 2 YuanXiao 999 999 1/skippable
        /warp YuanXiao 6 19/mail 27585052
        /pause 500/move YuanXiao 0 -3 0
        /pause 500/textAboveHead YuanXiao \"{{i18n:27585011.1}}\"
        /pause 500/move YuanXiao -2 0 0 
        /pause 500/speak Marlon \"{{i18n:27585011.2}}\"
        /pause 500/move Marlon 0 1 2
        /pause 500/speak YuanXiao \"{{i18n:27585011.3}}\"
        /pause 500/shake YuanXiao 100/addObject 4 15 287
        /pause 500/move YuanXiao 1 0 0 true
        /pause 500/move YuanXiao 0 -1 3
        /pause 500/textAboveHead Marlon \"{{i18n:27585011.4}}\"
        /pause 500/speak Marlon \"{{i18n:27585011.5}}\"
        /pause 500/speak YuanXiao \"{{i18n:27585011.6}}\"
        /pause 500/speak Marlon \"{{i18n:27585011.7}}\"
        /pause 500/emote Marlon 40
        /pause 500/speak Marlon \"{{i18n:27585011.8}}\"
        /pause 500/speak YuanXiao \"{{i18n:27585011.9}}\"
        /pause 500/speak Marlon \"{{i18n:27585011.10}}\"
        /pause 500/jump YuanXiao 8
        /pause 500/speak YuanXiao \"{{i18n:27585011.11}}\"
        /pause 500/speak Marlon \"{{i18n:27585011.12}}\"
        /pause 500/speak YuanXiao \"{{i18n:27585011.13}}\"
        /pause 500/speak Marlon \"{{i18n:27585011.14}}\"
        /pause 500/emote YuanXiao 40
        /pause 500/speak YuanXiao \"{{i18n:27585011.15}}\"
        /pause 500/textAboveHead Marlon \"{{i18n:27585011.16}}\"
        /pause 500/end invisible YuanXiao"
                },
                "When": {
                    "HasMod |contains=FlashShifter.StardewValleyExpandedCP": false
                }
            },
            {
                "LogName": "剧情-冒险家协会-SVE",
                "Action": "EditData",
                "Target": "Data/Events/AdventureGuild",
                "Entries": {
                    "27585011/f YuanXiao 2000/t 1800 2200": "continue/5 13/Marlon 6 13 2 YuanXiao 999 999 1/skippable
                    /warp YuanXiao 6 19/mail 27585052
    /pause 500/move YuanXiao 0 -3 0
    /pause 500/textAboveHead YuanXiao \"{{i18n:27585011.1}}\"
    /pause 500/speak Marlon \"{{i18n:27585011.2}}\"
    /pause 500/move Marlon 0 1 2
    /pause 500/speak YuanXiao \"{{i18n:27585011.3}}\"
    /pause 500/shake YuanXiao 100/addObject 6 15 287
    /pause 500/move YuanXiao 1 0 0
    /pause 500/move YuanXiao 0 -1 3
    /pause 500/textAboveHead Marlon \"{{i18n:27585011.4}}\"
    /pause 500/speak Marlon \"{{i18n:27585011.5}}\"
    /pause 500/speak YuanXiao \"{{i18n:27585011.6}}\"
    /pause 500/speak Marlon \"{{i18n:27585011.7}}\"
    /pause 500/emote Marlon 40
    /pause 500/speak Marlon \"{{i18n:27585011.8}}\"
    /pause 500/speak YuanXiao \"{{i18n:27585011.9}}\"
    /pause 500/speak Marlon \"{{i18n:27585011.10}}\"
    /pause 500/jump YuanXiao 8
    /pause 500/speak YuanXiao \"{{i18n:27585011.11}}\"
    /pause 500/speak Marlon \"{{i18n:27585011.12}}\"
    /pause 500/speak YuanXiao \"{{i18n:27585011.13}}\"
    /pause 500/speak Marlon \"{{i18n:27585011.14}}\"
    /pause 500/emote YuanXiao 40
    /pause 500/speak YuanXiao \"{{i18n:27585011.15}}\"
    /pause 500/textAboveHead Marlon \"{{i18n:27585011.16}}\"
    /pause 500/end invisible YuanXiao"
                },
                "When": {
                    "HasMod |contains=FlashShifter.StardewValleyExpandedCP": true
                }
            }
        ]
    }