{
  "Changes": [
    {
      "LogName": "汤圆行程",
      "Action": "EditData",
      "Target": "Characters/Schedules/TangYuan",
      "Entries": {
        "spring": "610 Custom_TwosmallballsDongtian 19 6 TangYuan_LaiBed/800 Custom_TwosmallballsDongtian 17 7 0/1000 Custom_TwosmallballsDongtian 13 12 eat/1100 Town 94 13 2/1500 Custom_TwosmallballsDongtian 13 12 eat/1600 Mountain 47 7 2/1800 Custom_TwosmallballsDongtian 5 7 0/2100 Custom_TwosmallballsDongtian 19 7 sleep",
        "rain": "610 Custom_TwosmallballsDongtian 19 6 TangYuan_LaiBed/800 Custom_TwosmallballsDongtian 17 7 0/1000 Custom_TwosmallballsDongtian 13 12 eat/1100 Custom_TwosmallballsDongtian 6 19 TangYuan_cook/1500 Custom_TwosmallballsDongtian 13 12 eat/1600 Custom_TwosmallballsDongtian 20 13 0/1800 Custom_TwosmallballsDongtian 5 7 0/2100 Custom_TwosmallballsDongtian 19 7 sleep"
      }
    },
    {
      "Action": "EditData",
      "Target": "Characters/Schedules/TangYuan",
      "Entries": {
        "Sat": "610 Custom_TwosmallballsDongtian 19 6 TangYuan_LaiBed/800 Custom_TwosmallballsDongtian 17 7 0/1000 Custom_TwosmallballsDongtian 13 12 eat/1100 Town 94 13 2/1500 Custom_TwosmallballsDongtian 13 12 eat/1600 JoshHouse 14 22 1/1800 Custom_TwosmallballsDongtian 5 7 0/2100 Custom_TwosmallballsDongtian 19 7 sleep",
      },
      "When": {
        "HasSeenEvent": "27585008"
      }
    }
  ]
}