{
    "Changes": [
        {
            "LogName": "CJB-分类",
            "Action": "EditData",
            "Target": "Mods/CJBok.CheatsMenu/WarpSections",
            "Entries": {
                "{{ModId}}_cjb": {
                    "Id": "{{ModId}}_cjb",
                    "DisplayName": "{{i18n:cjb}}"
                }
            }
        },
        {
            "LogName": "CJB-传送点",
            "Action": "EditData",
            "Target": "Mods/CJBok.CheatsMenu/Warps",
            "Entries": {
                "{{ModId}}_Wanxiang": {
                    "Id": "{{ModId}}_Wanxiang",
                    "SectionId": "{{ModId}}_cjb",
                    "DisplayName": "{{i18n:cjb1}}",
                    "Location": "Mountain",
                    "Tile": "58, 33"
                },
                "{{ModId}}_Dongtian": {
                    "Id": "{{ModId}}_Dongtian",
                    "SectionId": "{{ModId}}_cjb",
                    "DisplayName": "{{i18n:cjb2}}",
                    "Location": "Custom_TwosmallballsDongtian ",
                    "Tile": "12, 6"
                }
            }
        }
    ]
}