{
  "Changes": [
    {
      "LogName": "汤圆-信息",
      "Action": "EditData",
      "Target": "Data/Characters",
      "Entries": {
        "TangYuan": {
          "DisplayName": "{{i18n:TangYuan.name}}",
          "BirthSeason": 3,
          "BirthDay": 15,
          "HomeRegion": "Other",
          "Language": 0,
          "Gender": 0,
          "Age": 2,
          "Manner": "polite",
          "SocialAnxiety": "shy",
          "Optimism": "neutral",
          "IsDarkSkinned": false,
          "CanBeRomanced": false,
          "LoveInterest": "",
          "Calendar": "0",
          "SocialTab": "0",
          "CanSocialize": true,
          "CanReceiveGifts": true,
          "CanGreetNearbyCharacters": false,
          "CanCommentOnPurchasedShopItems": false,
          "SocializeConditions": null,
          "CanVisitIsland": false,
          "CanVisitIslandCondition": null,
          "ExcludeFromIntroductionsQuest": false,
          "ExcludeFromPerfectionScore": false,
          "EndSlideShow": 1,
          "WinterStarParticipant": false,
          "FriendsAndFamily": {
            "YuanXiao": "{{i18n:TangYuan.family}}"
          },
          "UnlockConditions": null,
          "SpawnIfMissing": true,
          "Home": [
            {
              "Id": "Default",
              "Location": "Custom_TwosmallballsDongtian",
              "Tile": {
                "X": 19,
                "Y": 7
              },
              "Direction": "2"
            }
          ],
          "TextureName": null,
          "Size": {
            "X": 16,
            "Y": 32
          },
          "Breather": true,
          "HiddenProfileEmoteSound": null,
          "HiddenProfileEmoteDuration": -1,
          "HiddenProfileEmoteStartFrame": 16,
          "HiddenProfileEmoteFrameCount": 4,
          "HiddenProfileEmoteFrameDuration": 200.0,
          "FestivalVanillaActorIndex": 0,
          "CustomFields": {}
        }
      }
    },
    //"SpouseRoom":
    //{"MapAsset": "Twosmallballs.SpouseRooms",
    // "MapSourceRect":{ "X": 0, "Y": 0, "Width": 6, "Height": 9 }},
    // "SpousePatio": 
    //{"MapAsset": "Twosmallballs.SpousePatios",
    // "MapSourceRect": { "X": 0, "Y": 0, "Width": 4, "Height": 4 }}
    {
      "LogName": "元宵-信息",
      "Action": "EditData",
      "Target": "Data/Characters",
      "Entries": {
        "YuanXiao": {
          "DisplayName": "{{i18n:YuanXiao.name}}",
          "BirthSeason": 3,
          "BirthDay": 15,
          "HomeRegion": "Other",
          "Language": 0,
          "Gender": 0,
          "Age": 2,
          "Manner": "polite",
          "SocialAnxiety": "outgoing",
          "Optimism": "neutral",
          "IsDarkSkinned": false,
          "CanBeRomanced": false,
          "LoveInterest": "",
          "Calendar": "0",
          "SocialTab": "0",
          "CanSocialize": true,
          "CanReceiveGifts": true,
          "CanGreetNearbyCharacters": false,
          "CanCommentOnPurchasedShopItems": false,
          "SocializeConditions": null,
          "CanVisitIsland": false,
          "CanVisitIslandCondition": null,
          "ExcludeFromIntroductionsQuest": false,
          "ExcludeFromPerfectionScore": false,
          "EndSlideShow": 1,
          "WinterStarParticipant": false,
          "FriendsAndFamily": {
            "TangYuan": "{{i18n:YuanXiao.family}}"
          },
          "UnlockConditions": null,
          "SpawnIfMissing": true,
          "Home": [
            {
              "Id": "Default",
              "Location": "Custom_TwosmallballsDongtian",
              "Tile": {
                "X": 20,
                "Y": 7
              },
              "Direction": "2"
            }
          ],
          "TextureName": null,
          "Size": {
            "X": 16,
            "Y": 32
          },
          "Breather": true,
          "HiddenProfileEmoteSound": null,
          "HiddenProfileEmoteDuration": -1,
          "HiddenProfileEmoteStartFrame": 16,
          "HiddenProfileEmoteFrameCount": 4,
          "HiddenProfileEmoteFrameDuration": 200.0,
          "FestivalVanillaActorIndex": 0,
          "CustomFields": {}
        }
      }
    },
    //"SpouseRoom":
    //{"MapAsset": "Twosmallballs.SpouseRooms",
    // "MapSourceRect":{ "X": 6, "Y": 0, "Width": 6, "Height": 9 }},
    // "SpousePatio": 
    //{"MapAsset": "Twosmallballs.SpousePatios",
    // "MapSourceRect": { "X": 4, "Y": 0, "Width": 4, "Height": 4 }}
    {
      "LogName": "汤圆-喜好",
      "Action": "EditData",
      "Target": "Data/NPCGiftTastes",
      "Entries": {
        "TangYuan": "{{i18n:TangYuan.LoveGift}}/192 TangYuan.Objects YuanXiao.Objects Twosmallballs.Baozi Twosmallballs.scarf Twosmallballs.Pillow/{{i18n:TangYuan.LikeGift}}/Twosmallballs.rabbithair Twosmallballs.flower Twosmallballs.turtleshell Twosmallballs.soup Twosmallballs.wine Twosmallballs.shell/{{i18n:TangYuan.DisGift}}//{{i18n:TangYuan.HateGift}}//{{i18n:TangYuan.NeuGift}}//"
      }
    },
    {
      "LogName": "元宵-喜好",
      "Action": "EditData",
      "Target": "Data/NPCGiftTastes",
      "Entries": {
        "YuanXiao": "{{i18n:YuanXiao.LoveGift}}/192 440 262 TangYuan.Objects YuanXiao.Objects Twosmallballs.Baozi Twosmallballs.scarf Twosmallballs.Pillow/{{i18n:YuanXiao.LikeGift}}/286 287 288 Twosmallballs.rabbithair Twosmallballs.flower Twosmallballs.turtleshell Twosmallballs.soup Twosmallballs.wine Twosmallballs.shell/{{i18n:YuanXiao.DisGift}}//{{i18n:YuanXiao.HateGift}}//{{i18n:YuanXiao.NeuGift}}//"
      }
    },
    {
      "Action": "Load",
      "Target": "Characters/Slime5,Characters/Slime4,Characters/Slime3,Characters/Slime2,Characters/Slime1",
      "FromFile": "assets/Sprites/5.png"
    },
    {
      "LogName": "汤圆-行走图",
      "Action": "Load",
      "Target": "Characters/TangYuan",
      "FromFile": "assets/Sprites/TangYuan.png",
      //  "When": 
      // {"TangYuanSprites": "false"}
    },
    //{"LogName": "汤圆-皮肤行走图",
    //  "Action": "Load",
    //  "Target": "Characters/TangYuan",
    //  "FromFile": "assets/Sprites/TangYuan1.png",
    // "When": 
    //{"TangYuanSprites": "true"}},
    {
      "LogName": "元宵-行走图",
      "Action": "Load",
      "Target": "Characters/YuanXiao",
      "FromFile": "assets/Sprites/YuanXiao.png"
    },
    //  {
    //     "LogName": "乔治-行走图",
    //    "Action": "Load",
    //    "Target": "Characters/George",
    //    "FromFile": "assets/Sprites/George.png",
    //    "When": {
    //      "HasSeenEvent|contains=27585015": true
    //     }
    //   },
    // {
    //   "LogName": "乔治-冬日行走图",
    //  "Action": "Load",
    //  "Target": "Characters/George",
    //  "FromFile": "assets/Sprites/George_Winter.png",
    //   "When": {
    //      "HasSeenEvent|contains=27585015": true
    //}
    ///  },
    {
      "LogName": "汤圆-肖像",
      "Action": "Load",
      "Target": "Portraits/TangYuan",
      "FromFile": "assets/Portraits/TangYuan64.png",
      "When": {
        "HasMod |contains=tlitookilakin.HDPortraits": false
      }
    },
    //{"LogName":"汤圆-皮肤肖像",
    //  "Action": "Load",
    //  "Target": "Portraits/TangYuan",
    //  "FromFile": "assets/Portraits/TangYuan64_1.png",  
    //  "When": 
    //{"TangYuanSprites": "true",
    // "HasMod |contains=tlitookilakin.HDPortraits": false} },
    {
      "LogName": "元宵-肖像",
      "Action": "Load",
      "Target": "Portraits/YuanXiao",
      "FromFile": "assets/Portraits/YuanXiao64.png",
      "When": {
        "HasMod |contains=tlitookilakin.HDPortraits": false
      }
    },
    //   {
    //   "LogName": "乔治-肖像",
    //   "Action": "Load",
    //  "Target": "Portraits/George",
    //  "FromFile": "assets/Portraits/George.png",
    //  "When": {
    //    "HasSeenEvent|contains=27585015": true
    //  }
    // },
    //{
    //   "LogName": "乔治-冬日肖像",
    //    "Action": "Load",
    //    "Target": "Portraits/George",
    //   "FromFile": "assets/Portraits/George_Winter.png",
    //   "When": {
    //     "HasSeenEvent|contains=27585015": true
    //    }
    //  },
    {
      "LogName": "肖像-尺寸",
      "Action": "Load",
      "Target": "Mods/HDPortraits/TangYuan, Mods/HDPortraits/YuanXiao",
      "FromFile": "assets/Data/base.json",
      "When": {
        "HasMod |contains=tlitookilakin.HDPortraits": true
      }
    },
    {
      "LogName": "肖像-文件",
      "Action": "Load",
      "Target": "Mods/Twosmallballs/TangYuan, Mods/Twosmallballs/YuanXiao", //Mods/Twosmallballs/YuanXiao1
      "FromFile": "assets/Portraits/{{TargetWithoutPath}}.png",
      "When": {
        "HasMod |contains=tlitookilakin.HDPortraits": true
      }
    },
    {
      "LogName": "肖像",
      "Action": "EditData",
      "Target": "Mods/HDPortraits/TangYuan, Mods/HDPortraits/YuanXiao",
      "Entries": {
        "Portrait": "Mods/Twosmallballs/{{TargetWithoutPath}}"
      },
      "When": {
        "HasMod |contains=tlitookilakin.HDPortraits": true
      }
    },
    //{"LogName": "汤圆-皮肤肖像",
    //  "Action": "EditData",
    //  "Target": "Mods/HDPortraits/TangYuan",
    //  "Entries": 
    //{"Portrait": "Mods/Twosmallballs/TangYuan1"},
    //  "When": 
    //{"TangYuanSprites": "true",
    // "HasMod |contains=tlitookilakin.HDPortraits": true} },
    {
      "LogName": "行程-Empty",
      "Action": "Load",
      "Target": "Characters/Schedules/TangYuan,Characters/Schedules/YuanXiao",
      "FromFile": "assets/Data/Empty.json"
    },
    {
      "LogName": "行程",
      "Action": "Include",
      "FromFile": "assets/NPC/TangYuanSchedules.json,assets/NPC/YuanXiaoSchedules.json"
    },
    {
      "LogName": "对话-Empty",
      "Action": "Load",
      "Target": "Characters/Dialogue/TangYuan,Characters/Dialogue/YuanXiao",
      "FromFile": "assets/Data/Empty.json"
    },
    {
      "LogName": "对话文件",
      "Action": "Include",
      "FromFile": "assets/NPC/TangYuanDialogue.json,assets/NPC/YuanXiaoDialogue.json,"
    },
    {
      "LogName": "节日-对话",
      "Action": "Include",
      "FromFile": "assets/NPC/FestivalsDialogue.json"
    },
    {
      "LogName": "节日-位置",
      "Action": "Include",
      "FromFile": "assets/NPC/Festivalsstation.json"
    },
    {
      "LogName": "动作",
      "Action": "EditData",
      "Target": "Data/animationDescriptions",
      "Entries": {
        "sleep": "16/16/16",
        "eat": "18/18 18 18 18 18 18 18 18 19 19/19",
        "TangYuan_LaiBed": "17/17/17",
        "TangYuan_cook": "20/20 20 20 20 20 20 20 20 21 21 21 21 21 21 21 21/21",
        "YuanXiao_bomb": "20/20 20 20 20 20 21 21 21 22 22 22 22 22 23 23 23/20"
      }
    },
    {
      "LogName": "动作对话",
      "Action": "EditData",
      "Target": "Strings/animationDescriptions",
      "Entries": {
        "sleep": "{{i18n:sleep}}",
        "eat": "{{i18n:eat}}",
        "TangYuan_LaiBed": "{{i18n:TangYuan_LaiBed}}",
        "TangYuan_cook": "{{i18n:TangYuan_cook}}",
        "YuanXiao_bomb": "{{i18n:YuanXiao_bomb}}"
      }
    },
    //{"LogName":"室友邀请",
    // "Action": "EditData",
    // "Target": "Strings/StringsFromCSFiles",
    // "Entries": {"TangYuan_EngagedRoommate": "{{i18n:TangYuan.Roommate}}", "YuanXiao_EngagedRoommate": "{{i18n:YuanXiao.Roommate}}"}},
    //{"LogName":"邀请后对话",
    //  "Action": "EditData",
    //  "Target": "Data/EngagementDialogue",
    //  "Entries": {"TangYuanRoommate0": "{{i18n:TangYuan.Roommate0}}", "TangYuanRoommate1": "{{i18n:TangYuan.Roommate1}}", "YuanXiaoRoommate0": "{{i18n:YuanXiao.Roommate0}}", "YuanXiaoRoommate1": "{{i18n:YuanXiao.Roommate1}}"}},
    //{
    //  "LogName": "对话-乔治",
    //  "Action": "EditData",
    //  "Target": "Characters/Dialogue/George",
    //  "Entries": {
    //    "Wed8": "{{i18n:George.Wed8}}",
    //    "Tue10": "{{i18n:George.Tue10}}"
    //  }
    // },
    {
      "LogName": "汤圆-电影零食",
      "Action": "EditData",
      "Target": "Data/ConcessionTastes",
      "Entries": {
        "TangYuan": {
          "Name": "TangYuan",
          "LovedTags": [
            "Cotton CandyCotton Candy",
            "Fries",
            "Jawbreaker",
            "Sour Slimes",
            "Rock Candy"
          ],
          "LikedTags": [
            "Cappuccino Mousse Cake",
            "Apple Slices",
            "Star Cookie",
            "Chocolate Popcorn",
            "Ice Cream Sandwich"
          ],
          "DislikedTags": [
            "Joja Cola",
            "JojaCorn",
            "Black Licorice",
            "Nachos"
          ]
        }
      }
    },
    {
      "LogName": "元宵-电影零食",
      "Action": "EditData",
      "Target": "Data/ConcessionTastes",
      "Entries": {
        "YuanXiao": {
          "Name": "YuanXiao",
          "LovedTags": [
            "Cotton CandyCotton Candy",
            "Fries",
            "Jawbreaker",
            "Sour Slimes",
            "Rock Candy"
          ],
          "LikedTags": [
            "Cappuccino Mousse Cake",
            "Apple Slices",
            "Star Cookie",
            "Chocolate Popcorn",
            "Ice Cream Sandwich"
          ],
          "DislikedTags": [
            "Joja Cola",
            "JojaCorn",
            "Black Licorice",
            "Nachos"
          ]
        }
      }
    },
    {
      "LogName": "汤圆-电影对话",
      "Action": "EditData",
      "Target": "Data/MoviesReactions",
      "Entries": {
        "TangYuan": {
          "NPCName": "TangYuan",
          "Reactions": [
            {
              "LogName": "汤圆-小树苗",
              "Tag": "spring_movie_0",
              "Response": "like",
              "Whitelist": [],
              "SpecialResponses": {
                "BeforeMovie": {
                  "ResponsePoint": null,
                  "Script": "",
                  "Text": "{{i18n:TangYuan.BeforeMovie_hi}}"
                },
                "DuringMovie": {
                  "ResponsePoint": null,
                  "Script": "",
                  "Text": "{{i18n:TangYuan.DuringMovie2}}"
                },
                "AfterMovie": {
                  "ResponsePoint": null,
                  "Script": "",
                  "Text": "{{i18n:TangYuan.AfterMovie2}}"
                }
              },
              "ID": "reaction_2"
            },
            {
              "LogName": "汤圆-草原之王",
              "Tag": "summer_movie_0",
              "Response": "dislike",
              "Whitelist": [],
              "SpecialResponses": {
                "BeforeMovie": {
                  "ResponsePoint": null,
                  "Script": "",
                  "Text": "{{i18n:TangYuan.BeforeMovie_no}}"
                },
                "DuringMovie": {
                  "ResponsePoint": null,
                  "Script": "",
                  "Text": "{{i18n:TangYuan.DuringMovie_no}}"
                },
                "AfterMovie": {
                  "ResponsePoint": null,
                  "Script": "",
                  "Text": "{{i18n:TangYuan.AfterMovie_no}}"
                }
              },
              "ID": "reaction_3"
            },
            {
              "LogName": "汤圆-神秘事迹",
              "Tag": "fall_movie_0",
              "Response": "dislike",
              "Whitelist": [],
              "SpecialResponses": {
                "BeforeMovie": {
                  "ResponsePoint": null,
                  "Script": "",
                  "Text": "{{i18n:TangYuan.BeforeMovie_no}}"
                },
                "DuringMovie": {
                  "ResponsePoint": null,
                  "Script": "",
                  "Text": "{{i18n:TangYuan.DuringMovie_no}}"
                },
                "AfterMovie": {
                  "ResponsePoint": null,
                  "Script": "",
                  "Text": "{{i18n:TangYuan.AfterMovie_no}}"
                }
              },
              "ID": "reaction_4"
            },
            {
              "LogName": "汤圆-牧场奇迹",
              "Tag": "winter_movie_0",
              "Response": "love",
              "Whitelist": [],
              "SpecialResponses": {
                "BeforeMovie": {
                  "ResponsePoint": null,
                  "Script": "",
                  "Text": "{{i18n:TangYuan.BeforeMovie_hi}}"
                },
                "DuringMovie": {
                  "ResponsePoint": null,
                  "Script": "",
                  "Text": "{{i18n:TangYuan.DuringMovie5}}"
                },
                "AfterMovie": {
                  "ResponsePoint": null,
                  "Script": "",
                  "Text": "{{i18n:TangYuan.AfterMovie5}}"
                }
              },
              "ID": "reaction_5"
            },
            {
              "LogName": "汤圆-探索世界",
              "Tag": "spring_movie_1",
              "Response": "dislike",
              "Whitelist": [],
              "SpecialResponses": {
                "BeforeMovie": {
                  "ResponsePoint": null,
                  "Script": "",
                  "Text": "{{i18n:TangYuan.BeforeMovie_no}}"
                },
                "DuringMovie": {
                  "ResponsePoint": null,
                  "Script": "",
                  "Text": "{{i18n:TangYuan.DuringMovie_no}}"
                },
                "AfterMovie": {
                  "ResponsePoint": null,
                  "Script": "",
                  "Text": "{{i18n:TangYuan.AfterMovie_no}}"
                }
              },
              "ID": "reaction_6"
            },
            {
              "LogName": "汤圆-温不斯",
              "Tag": "summer_movie_1",
              "Response": "like",
              "Whitelist": [],
              "SpecialResponses": {
                "BeforeMovie": {
                  "ResponsePoint": null,
                  "Script": "",
                  "Text": "{{i18n:TangYuan.BeforeMovie_hi}}"
                },
                "DuringMovie": {
                  "ResponsePoint": null,
                  "Script": "",
                  "Text": "{{i18n:TangYuan.DuringMovie7}}"
                },
                "AfterMovie": {
                  "ResponsePoint": null,
                  "Script": "",
                  "Text": "{{i18n:TangYuan.AfterMovie7}}"
                }
              },
              "ID": "reaction_7"
            },
            {
              "LogName": "汤圆-雨中嚎叫",
              "Tag": "fall_movie_1",
              "Response": "hate",
              "Whitelist": [],
              "SpecialResponses": {
                "BeforeMovie": {
                  "ResponsePoint": null,
                  "Script": "",
                  "Text": "{{i18n:TangYuan.BeforeMovie8}}"
                },
                "DuringMovie": {
                  "ResponsePoint": null,
                  "Script": "",
                  "Text": "{{i18n:TangYuan.DuringMovie8}}"
                },
                "AfterMovie": {
                  "ResponsePoint": null,
                  "Script": "",
                  "Text": "{{i18n:TangYuan.AfterMovie8}}"
                }
              },
              "ID": "reaction_8"
            },
            {
              "LogName": "汤圆-特快列车",
              "Tag": "winter_movie_1",
              "Response": "dislike",
              "Whitelist": [],
              "SpecialResponses": {
                "BeforeMovie": {
                  "ResponsePoint": null,
                  "Script": "",
                  "Text": "{{i18n:TangYuan.BeforeMovie_hi}}"
                },
                "DuringMovie": {
                  "ResponsePoint": null,
                  "Script": "",
                  "Text": "{{i18n:TangYuan.DuringMovie_no}}"
                },
                "AfterMovie": {
                  "ResponsePoint": null,
                  "Script": "",
                  "Text": "{{i18n:TangYuan.AfterMovie_no}}"
                }
              },
              "ID": "reaction_9"
            }
          ]
        }
      }
    },
    {
      "LogName": "元宵-电影对话",
      "Action": "EditData",
      "Target": "Data/MoviesReactions",
      "Entries": {
        "TangYuan": {
          "NPCName": "TangYuan",
          "Reactions": [
            {
              "LogName": "元宵-小树苗",
              "Tag": "spring_movie_0",
              "Response": "love",
              "Whitelist": [],
              "SpecialResponses": {
                "BeforeMovie": {
                  "ResponsePoint": null,
                  "Script": "",
                  "Text": "{{i18n:TangYuan.BeforeMovie_hi}}"
                },
                "DuringMovie": {
                  "ResponsePoint": null,
                  "Script": "",
                  "Text": "{{i18n:TangYuan.DuringMovie_yes}}"
                },
                "AfterMovie": {
                  "ResponsePoint": null,
                  "Script": "",
                  "Text": "{{i18n:TangYuan.AfterMovie2}}"
                }
              },
              "ID": "reaction_2"
            },
            {
              "LogName": "元宵-草原之王",
              "Tag": "summer_movie_0",
              "Response": "love",
              "Whitelist": [],
              "SpecialResponses": {
                "BeforeMovie": {
                  "ResponsePoint": null,
                  "Script": "",
                  "Text": "{{i18n:TangYuan.BeforeMovie3}}"
                },
                "DuringMovie": {
                  "ResponsePoint": null,
                  "Script": "",
                  "Text": "{{i18n:TangYuan.DuringMovie_yes}}"
                },
                "AfterMovie": {
                  "ResponsePoint": null,
                  "Script": "",
                  "Text": "{{i18n:TangYuan.AfterMovie3}}"
                }
              },
              "ID": "reaction_3"
            },
            {
              "LogName": "元宵-神秘事迹",
              "Tag": "fall_movie_0",
              "Response": "dislike",
              "Whitelist": [],
              "SpecialResponses": {
                "BeforeMovie": {
                  "ResponsePoint": null,
                  "Script": "",
                  "Text": "{{i18n:TangYuan.BeforeMovie_no}}"
                },
                "DuringMovie": {
                  "ResponsePoint": null,
                  "Script": "",
                  "Text": "{{i18n:TangYuan.DuringMovie_no}}"
                },
                "AfterMovie": {
                  "ResponsePoint": null,
                  "Script": "",
                  "Text": "{{i18n:TangYuan.AfterMovie_yes}}"
                }
              },
              "ID": "reaction_4"
            },
            {
              "LogName": "元宵-牧场奇迹",
              "Tag": "winter_movie_0",
              "Response": "like",
              "Whitelist": [],
              "SpecialResponses": {
                "BeforeMovie": {
                  "ResponsePoint": null,
                  "Script": "",
                  "Text": "{{i18n:TangYuan.BeforeMovie_yes}}"
                },
                "DuringMovie": {
                  "ResponsePoint": null,
                  "Script": "",
                  "Text": "{{i18n:TangYuan.DuringMovie_yes}}"
                },
                "AfterMovie": {
                  "ResponsePoint": null,
                  "Script": "",
                  "Text": "{{i18n:TangYuan.AfterMovie_yes}}"
                }
              },
              "ID": "reaction_5"
            },
            {
              "LogName": "元宵-探索世界",
              "Tag": "spring_movie_1",
              "Response": "dislike",
              "Whitelist": [],
              "SpecialResponses": {
                "BeforeMovie": {
                  "ResponsePoint": null,
                  "Script": "",
                  "Text": "{{i18n:TangYuan.BeforeMovie_no}}"
                },
                "DuringMovie": {
                  "ResponsePoint": null,
                  "Script": "",
                  "Text": "{{i18n:TangYuan.DuringMovie_no}}"
                },
                "AfterMovie": {
                  "ResponsePoint": null,
                  "Script": "",
                  "Text": "{{i18n:TangYuan.AfterMovie_yes}}"
                }
              },
              "ID": "reaction_6"
            },
            {
              "LogName": "元宵-温不斯",
              "Tag": "summer_movie_1",
              "Response": "like",
              "Whitelist": [],
              "SpecialResponses": {
                "BeforeMovie": {
                  "ResponsePoint": null,
                  "Script": "",
                  "Text": "{{i18n:TangYuan.BeforeMovie_hi}}"
                },
                "DuringMovie": {
                  "ResponsePoint": null,
                  "Script": "",
                  "Text": "{{i18n:TangYuan.DuringMovie_yes}}"
                },
                "AfterMovie": {
                  "ResponsePoint": null,
                  "Script": "",
                  "Text": "{{i18n:TangYuan.AfterMovie_yes}}"
                }
              },
              "ID": "reaction_7"
            },
            {
              "LogName": "元宵-雨中嚎叫",
              "Tag": "fall_movie_1",
              "Response": "dislike",
              "Whitelist": [],
              "SpecialResponses": {
                "BeforeMovie": {
                  "ResponsePoint": null,
                  "Script": "",
                  "Text": "{{i18n:TangYuan.BeforeMovie_no}}"
                },
                "DuringMovie": {
                  "ResponsePoint": null,
                  "Script": "",
                  "Text": "{{i18n:TangYuan.DuringMovie_no}}"
                },
                "AfterMovie": {
                  "ResponsePoint": null,
                  "Script": "",
                  "Text": "{{i18n:TangYuan.AfterMovie8}}"
                }
              },
              "ID": "reaction_8"
            },
            {
              "LogName": "元宵-特快列车",
              "Tag": "winter_movie_1",
              "Response": "最爱love/喜好like/不喜欢dislike/讨厌hate",
              "Whitelist": [],
              "SpecialResponses": {
                "BeforeMovie": {
                  "ResponsePoint": null,
                  "Script": "",
                  "Text": "{{i18n:TangYuan.BeforeMovie_no}}"
                },
                "DuringMovie": {
                  "ResponsePoint": null,
                  "Script": "",
                  "Text": "{{i18n:TangYuan.DuringMovie_no}}"
                },
                "AfterMovie": {
                  "ResponsePoint": null,
                  "Script": "",
                  "Text": "{{i18n:TangYuan.AfterMovie_yes}}"
                }
              },
              "ID": "reaction_9"
            }
          ]
        }
      }
    }
  ]
}