{
    "Changes": [
        {
            "LogName": "格斯-商店",
            "Action": "EditData",
            "Target": "Data/Shops",
            "TargetField": [
                "Saloon",
                "Items"
            ],
            "Entries": {
                "Twosmallballs.soup": {
                    "Id": "Twosmallballs.soup",
                    "ItemId": "(O)Twosmallballs.soup",
                    "Price": 200
                }
            }
        },
        {
            "LogName": "旅行商人-商店",
            "Action": "EditData",
            "Target": "Data/Shops",
            "TargetField": [
                "Traveler",
                "Items"
            ],
            "Entries": {
                "Twosmallballs.scarf": {
                    "Id": "Twosmallballs.scarf",
                    "ItemId": "(O)Twosmallballs.scarf",
                    "Price": 5200
                },
                "Twosmallballs.Pillow": {
                    "Id": "Twosmallballs.Pillow",
                    "ItemId": "(O)Twosmallballs.Pillow",
                    "Price": 5200
                }
            }
        },
        {
            "LogName": "科罗布斯-商店",
            "Action": "EditData",
            "Target": "Data/Shops",
            "TargetField": [
                "ShadowShop",
                "Items"
            ],
            "Entries": {
                "Twosmallballs.scarf": {
                    "Id": "Twosmallballs.scarf",
                    "ItemId": "(O)Twosmallballs.scarf",
                    "Price": 5200
                },
                "Twosmallballs.Pillow": {
                    "Id": "Twosmallballs.Pillow",
                    "ItemId": "(O)Twosmallballs.Pillow",
                    "Price": 5200
                }
            }
        }
    ]
}