{
  "Changes": [
    {
      "LogName": "单数年-复活节",
      "Action": "EditData",
      "Target": "Data/Festivals/spring13",
      "Entries": {
        "TangYuan": "{{i18n:TangYuan.spring13}}",
        //"TangYuan_spouse": "{{i18n:TangYuan_spouse.spring13}}",
        "YuanXiao": "{{i18n:YuanXiao.spring13}}",
        //"YuanXiao_spouse": "{{i18n:YuanXiao_spouse.spring13}}"
      },
      "When": {
        "Year |contains=2,4,6,8,10": "false"
      }
    },
    {
      "LogName": "偶数年-复活节",
      "Action": "EditData",
      "Target": "Data/Festivals/spring13",
      "Entries": {
        "TangYuan": "{{i18n:TangYuan.spring13.1}}",
        //"TangYuan_spouse": "{{i18n:TangYuan_spouse.spring13.1}}",
        "YuanXiao": "{{i18n:YuanXiao.spring13.1}}",
        //"YuanXiao_spouse": "{{i18n:YuanXiao_spouse.spring13.1}}"
      },
      "When": {
        "Year |contains=2,4,6,8,10": "true"
      }
    },
    {
      "LogName": "单数年-花舞节",
      "Action": "EditData",
      "Target": "Data/Festivals/spring24",
      "Entries": {
        "TangYuan": "{{i18n:TangYuan.spring24}}",
        // "TangYuan_spouse": "{{i18n:TangYuan_spouse.spring24}}",
        "YuanXiao": "{{i18n:YuanXiao.spring24}}",
        // "YuanXiao_spouse": "{{i18n:YuanXiao_spouse.spring24}}",
      },
      "When": {
        "Year |contains=2,4,6,8,10": "false"
      }
    },
    {
      "LogName": "偶数年-花舞节对话",
      "Action": "EditData",
      "Target": "Data/Festivals/spring24",
      "Entries": {
        "TangYuan": "{{i18n:TangYuan.spring24.1}}",
        // "TangYuan_spouse": "{{i18n:TangYuan_spouse.spring24.1}}",
        "YuanXiao": "{{i18n:YuanXiao.spring24.1}}",
        // "YuanXiao_spouse": "{{i18n:YuanXiao_spouse.spring24.1}}",
      },
      "When": {
        "Year |contains=2,4,6,8,10": "true"
      }
    },
    {
      "LogName": "单数年-夏威夷",
      "Action": "EditData",
      "Target": "Data/Festivals/summer11",
      "Entries": {
        "TangYuan": "{{i18n:TangYuan.summer11}}",
        // "TangYuan_spouse": "{{i18n:TangYuan_spouse.summer11}}",
        "YuanXiao": "{{i18n:YuanXiao.summer11}}",
        // "YuanXiao_spouse": "{{i18n:YuanXiao_spouse.summer11}}",
      },
      "When": {
        "Year |contains=2,4,6,8,10": "false"
      }
    },
    {
      "LogName": "偶数年-夏威夷",
      "Action": "EditData",
      "Target": "Data/Festivals/summer11",
      "Entries": {
        "TangYuan": "{{i18n:TangYuan.summer11.1}}",
        // "TangYuan_spouse": "{{i18n:TangYuan_spouse.summer11.1}}",
        "YuanXiao": "{{i18n:YuanXiao.summer11.1}}",
        // "YuanXiao_spouse": "{{i18n:YuanXiao_spouse.summer11.1}}",
      },
      "When": {
        "Year |contains=2,4,6,8,10": "true"
      }
    },
    {
      "LogName": "单数年-夜光",
      "Action": "EditData",
      "Target": "Data/Festivals/summer28",
      "Entries": {
        "TangYuan": "{{i18n:TangYuan.summer28}}",
        // "TangYuan_spouse": "{{i18n:TangYuan_spouse.summer28}}",
        "YuanXiao": "{{i18n:YuanXiao.summer28}}",
        // "YuanXiao_spouse": "{{i18n:YuanXiao_spouse.summer28}}",
      },
      "When": {
        "Year |contains=2,4,6,8,10": "false"
      }
    },
    {
      "LogName": "偶数年-夜光",
      "Action": "EditData",
      "Target": "Data/Festivals/summer28",
      "Entries": {
        "TangYuan": "{{i18n:TangYuan.summer28.1}}",
        // "TangYuan_spouse": "{{i18n:TangYuan_spouse.summer28.1}}",
        "YuanXiao": "{{i18n:YuanXiao.summer28.1}}",
        // "YuanXiao_spouse": "{{i18n:YuanXiao_spouse.summer28.1}}",
      },
      "When": {
        "Year |contains=2,4,6,8,10": "true"
      }
    },
    {
      "LogName": "单数年-展览会",
      "Action": "EditData",
      "Target": "Data/Festivals/fall16",
      "Entries": {
        "TangYuan": "{{i18n:TangYuan.fall16}}",
        // "TangYuan_spouse": "{{i18n:TangYuan_spouse.fall16}}",
        "YuanXiao": "{{i18n:YuanXiao.fall16}}",
        // "YuanXiao_spouse": "{{i18n:YuanXiao_spouse.fall16}}",
      },
      "When": {
        "Year |contains=2,4,6,8,10": "false"
      }
    },
    {
      "LogName": "偶数年-展览会",
      "Action": "EditData",
      "Target": "Data/Festivals/fall16",
      "Entries": {
        "TangYuan": "{{i18n:TangYuan.fall16.1}}",
        //"TangYuan_spouse": "{{i18n:TangYuan_spouse.fall16.1}}",
        "YuanXiao": "{{i18n:YuanXiao.fall16.1}}",
        // "YuanXiao_spouse": "{{i18n:YuanXiao_spouse.fall16.1}}"
      },
      "When": {
        "Year |contains=2,4,6,8,10": "true"
      }
    },
    {
      "LogName": "万圣节",
      "Action": "EditData",
      "Target": "Data/Festivals/fall27",
      "Entries": {
        "TangYuan": "{{i18n:TangYuan.fall27}}",
        //"TangYuan_spouse": "{{i18n:TangYuan_spouse.fall27}}",
        "YuanXiao": "{{i18n:YuanXiao.fall27}}",
        //"YuanXiao_spouse": "{{i18n:YuanXiao_spouse.fall27}}"
        //"George_y2": "{{i18n:George_y2.fall27}}"
      }
    },
    {
      "LogName": "冰钓节",
      "Action": "EditData",
      "Target": "Data/Festivals/winter8",
      "Entries": {
        "TangYuan": "{{i18n:TangYuan.winter8}}",
        //"TangYuan_spouse": "{{i18n:TangYuan_spouse.winter8}}",
        "YuanXiao": "{{i18n:YuanXiao.winter8}}",
        //"YuanXiao_spouse": "{{i18n:YuanXiao_spouse.winter8}}",
      }
    },
    {
      "LogName": "单数年-圣诞节",
      "Action": "EditData",
      "Target": "Data/Festivals/winter25",
      "Entries": {
        "TangYuan": "{{i18n:TangYuan.winter25}}",
        //"TangYuan_spouse": "{{i18n:TangYuan_spouse.winter25}}",
        "YuanXiao": "{{i18n:YuanXiao.winter25}}",
        //"YuanXiao_spouse": "{{i18n:YuanXiao_spouse.winter25}}"
      },
      "When": {
        "Year |contains=2,4,6,8,10": "false"
      }
    },
    {
      "LogName": "偶数年-圣诞节",
      "Action": "EditData",
      "Target": "Data/Festivals/winter25",
      "Entries": {
        "TangYuan": "{{i18n:TangYuan.winter25.1}}",
        // "TangYuan_spouse": "{{i18n:TangYuan_spouse.winter25.1}}",
        "YuanXiao": "{{i18n:YuanXiao.winter25.1}}",
        // "YuanXiao_spouse": "{{i18n:YuanXiao_spouse.winter25.1}}"
      },
      "When": {
        "Year |contains=2,4,6,8,10": "true"
      }
    }
  ]
}